,date,metric,slope,intercept,r_value,p_value,std_err
0,2019-12-02,avg_tt,-6.04136520002911,27.419180163959258,-0.2696691723337524,8.719842685629599e-09,1.0296191967386377
1,2019-12-02,thr_15min_pois,129.37071784288898,116.22621731719967,0.24763920405846168,1.3796503756715752e-07,24.156939600325003
2,2019-12-02,avg_hops,-5.0019915556122,16.33041845170301,-0.3311477965810687,9.559126039965035e-13,0.6802476408943476
3,2019-12-16,avg_tt,-6.166743994154403,27.53699769587296,-0.27249861874513354,6.003261513648056e-09,1.0392138475053483
4,2019-12-16,thr_15min_pois,133.35914722062165,114.55125095728951,0.2507022600022875,9.541597456052764e-08,24.57743064353392
5,2019-12-16,avg_hops,-5.000761679325565,16.377946939040868,-0.33128806784782755,9.33881634704426e-13,0.6797569550930845
6,2019-04-15,avg_tt,-5.625784910224959,27.229361554469953,-0.25362633956101205,6.679900879658149e-08,1.0240442336983233
7,2019-04-15,thr_15min_pois,110.80569771757777,122.1894300704034,0.2073101188286988,1.1391133977761319e-05,24.955737542123227
8,2019-04-15,avg_hops,-4.921939944646487,16.112078711876322,-0.3330485874457172,6.96236031282113e-13,0.6650687502905014
9,2019-05-20,avg_tt,-5.8168761693536695,27.30747665593504,-0.2628486355951617,2.107021444189527e-08,1.0190742265518218
10,2019-05-20,thr_15min_pois,125.5188015486762,116.86578734559095,0.24003886599551605,3.373632863233939e-07,24.227482980759675
11,2019-05-20,avg_hops,-4.760171039145563,16.17391286866289,-0.31952588874996624,6.332370764686818e-12,0.6737503555295492
12,2019-08-26,avg_tt,-6.06871647874945,27.44125480437124,-0.27168853859163583,6.6833489946707696e-09,1.0259878583881734
13,2019-08-26,thr_15min_pois,133.81108069716015,113.64330632636481,0.25621504790678384,4.8536209505267186e-08,24.09410921915512
14,2019-08-26,avg_hops,-5.046996691739735,16.423622454850324,-0.3339746324979912,5.961331820811287e-13,0.6798395874221339
15,2019-02-25,avg_tt,-6.215825892011681,27.595159777676113,-0.2756210554639677,3.956428187581094e-09,1.0346606639539366
16,2019-02-25,thr_15min_pois,131.14199012692617,116.60662556453633,0.24324548510698915,2.3218048325707724e-07,24.958626243002094
17,2019-02-25,avg_hops,-5.032175777633276,16.185241383388835,-0.33959638981626644,2.2972209713948585e-13,0.6651999098710561
18,2019-03-11,avg_tt,-5.628564921608386,27.229650913396846,-0.253733751045345,6.592422721658187e-08,1.0240867301019116
19,2019-03-11,thr_15min_pois,110.86604093397467,122.19123410576793,0.2074060620494026,1.128287619410027e-05,24.957258784550756
20,2019-03-11,avg_hops,-4.930251149938958,16.114116419401185,-0.33354546167761273,6.406396619743448e-13,0.6650754619503346
21,2019-10-07,avg_tt,-6.190891299608804,27.542792589458962,-0.27781744010238085,2.9413800254494755e-09,1.0216904103892335
22,2019-10-07,thr_15min_pois,135.07934516021936,112.73286054317501,0.25879750409189095,3.5170592583943865e-08,24.062623508622003
23,2019-10-07,avg_hops,-5.0265614558155445,16.368557590342498,-0.3323076255364534,7.880120738837092e-13,0.680908717366477
24,2019-02-11,avg_tt,-6.163155726569209,27.580687352312932,-0.2734403066493347,5.296823253752445e-09,1.034744902025297
25,2019-02-11,thr_15min_pois,127.25801060801255,117.8028504450658,0.23556216336559083,5.634390075713079e-07,25.058249150930454
26,2019-02-11,avg_hops,-4.995406408700323,16.17375179481496,-0.33737427829791067,3.356662402809808e-13,0.6652535890030206
27,2019-10-28,avg_tt,-6.078160423527437,27.40777773920105,-0.2673523652085666,1.179963791827634e-08,1.0455676400709122
28,2019-10-28,thr_15min_pois,129.76862387361422,115.9711685032639,0.24868782726823702,1.21669033535226e-07,24.12237489706247
29,2019-10-28,avg_hops,-5.051081052790463,16.455259039775743,-0.3325607276139625,7.554051416224421e-13,0.6836447754867206
30,2019-06-03,avg_tt,-5.785042901965197,27.292157669953312,-0.25800858771852586,3.88217191170691e-08,1.0339068309800024
31,2019-06-03,thr_15min_pois,128.56224300483117,116.44053500764394,0.24407807187517838,2.105326245682507e-07,24.378933706368375
32,2019-06-03,avg_hops,-4.740608853564025,16.168810079622723,-0.31579512239070245,1.1422649431148238e-11,0.6798039196508557
33,2019-09-09,avg_tt,2.202760837447077,14.078760029339238,0.09849539706311797,0.038681171340722895,1.0621900923365355
34,2019-09-09,thr_15min_pois,-116.39678887339305,757.699002217936,-0.07411833095871703,0.12013535043827443,74.74582077535702
35,2019-09-09,avg_hops,-1.7627009556841975,9.467467475650515,-0.1773653766454673,0.00018123928657809793,0.4668062440643007
36,2019-08-05,avg_tt,-5.749612569419158,27.24977649616577,-0.2603436549431234,2.895342466182612e-08,1.017697732331012
37,2019-08-05,thr_15min_pois,136.79716496893207,115.39628640380911,0.2543397667122792,6.119216897307155e-08,24.82610883823894
38,2019-08-05,avg_hops,-4.942699251247999,16.2643122316412,-0.3296522513458887,1.224789901492537e-12,0.6756083270285577
39,2019-09-02,avg_tt,-6.0073840773484966,27.5349854472743,-0.27234868581056604,6.1238568071517546e-09,1.012960677910268
40,2019-09-02,thr_15min_pois,125.6935569247437,116.09403158829996,0.24622295917511836,1.6334470408197817e-07,23.614107514921056
41,2019-09-02,avg_hops,-5.078461998451525,16.488237232926068,-0.3366431522984933,3.8002381686827706e-13,0.6779716116658437
42,2019-04-22,avg_tt,-2.455979322313014,20.42475496113264,-0.09568112939303249,0.04462093747703138,1.2194641591778863
43,2019-04-22,thr_15min_pois,162.57678972275312,274.1651499079312,0.14533617830454004,0.002215896996073044,52.822225798001924
44,2019-04-22,avg_hops,-5.834616509555019,15.21903592094199,-0.3672531613993374,1.5783919811258773e-15,0.7052676661496567
45,2019-05-27,avg_tt,-5.830721883495817,27.30379871188806,-0.26300959124265866,2.0641945221310803e-08,1.0208283499690363
46,2019-05-27,thr_15min_pois,128.4352862263074,116.46021078710038,0.24373752089020012,2.1914132337219853e-07,24.39104196554768
47,2019-05-27,avg_hops,-4.769114175337743,16.176101378949195,-0.3198646189012746,5.999683329367031e-12,0.6742200024784478
48,2019-06-24,avg_tt,0.6589204702117236,15.598294799457403,0.03343969056559373,0.4836548401184969,0.9399300551630702
49,2019-06-24,thr_15min_pois,9.716189113786228,612.6845804188167,0.006136971577153579,0.8977439289193598,75.56164581692508
50,2019-06-24,avg_hops,-1.8761086042304251,10.205974960502022,-0.14536498967157047,0.00221136576241829,0.6094361127465577
51,2019-12-30,avg_tt,-6.232360004111683,27.608472781418424,-0.27560249182939445,3.9663098886898645e-09,1.0374884849215695
52,2019-12-30,thr_15min_pois,132.17209307464086,115.02762691461224,0.24903042615244955,1.1675936255248485e-07,24.533119560292683
53,2019-12-30,avg_hops,-5.080722057337088,16.45533125621042,-0.3373080875048023,3.394638502149206e-13,0.676765161108008
54,2019-01-07,avg_tt,-6.10484497215986,27.555600128680496,-0.27268228733936073,5.858666655526126e-09,1.0280341306244816
55,2019-01-07,thr_15min_pois,123.07629199960154,119.44854869287092,0.2298682687163804,1.0661474287575045e-06,24.869950774399353
56,2019-01-07,avg_hops,-5.012125575220027,16.166389543591166,-0.3374573696930166,3.3095780155949786e-13,0.6672946670482706
57,2019-07-01,avg_tt,-5.821894829434386,27.329368525138793,-0.25977818814194326,3.1092791763146386e-08,1.032897898104347
58,2019-07-01,thr_15min_pois,129.21404587438613,115.6699518258631,0.24632236375089658,1.6142556433479203e-07,24.265074543008367
59,2019-07-01,avg_hops,-4.816271040007757,16.175936413190136,-0.3172847838098812,9.034315336895283e-12,0.6870511059555267
60,2019-09-23,avg_tt,-6.190348912432374,27.542554730497432,-0.27779627981930544,2.949829993492501e-09,1.0216852251045376
61,2019-09-23,thr_15min_pois,134.98287959438989,112.81565004091424,0.25858757658925585,3.6108359479773265e-08,24.06636074285625
62,2019-09-23,avg_hops,-5.030287089605572,16.3683625853146,-0.33238733429983963,7.775975000654361e-13,0.6812297044513667
63,2019-11-25,avg_tt,-6.04136520002911,27.419180163959258,-0.2696691723337524,8.719842685629599e-09,1.0296191967386377
64,2019-11-25,thr_15min_pois,129.37071784288898,116.22621731719967,0.24763920405846168,1.3796503756715752e-07,24.156939600325003
65,2019-11-25,avg_hops,-5.0019915556122,16.33041845170301,-0.3311477965810687,9.559126039965035e-13,0.6802476408943476
66,2019-02-04,avg_tt,-6.119169289389587,27.5344519150572,-0.2727664381679077,5.793551405271919e-09,1.0301028520761129
67,2019-02-04,thr_15min_pois,126.08696284344654,118.84558174946858,0.23384061266370604,6.844400528322046e-07,25.021139112885187
68,2019-02-04,avg_hops,-4.993504653066918,16.167513265043077,-0.33707396918400623,3.532365025993366e-13,0.6656688535637506
69,2019-10-21,avg_tt,-2.3596499019397905,20.319257908105325,-0.11323884603666698,0.01736330355669102,0.9881375043750888
70,2019-10-21,thr_15min_pois,188.81245548980533,274.6318947456892,0.15895778187153478,0.0008082241750841723,55.970513656292894
71,2019-10-21,avg_hops,-3.639414855201433,13.127785056968094,-0.27546802824094213,4.038605046993731e-09,0.6061661333211585
72,2019-08-12,avg_tt,2.1714132202076484,12.691985247286432,0.10139584636168034,0.033274249084259654,1.0168244508385078
73,2019-08-12,thr_15min_pois,-93.58701678878352,890.4874869078051,-0.06042879025875786,0.20531242943216046,73.78108695187359
74,2019-08-12,avg_hops,-1.5798702934205169,8.204132546461027,-0.1959584650246314,3.4176163382702874e-05,0.37733095484928114
75,2019-12-23,avg_tt,-0.24267909704719712,18.864573656990814,-0.009679764499172029,0.839367276491688,1.1965062504108035
76,2019-12-23,thr_15min_pois,111.19342128772736,356.3426792235339,0.08935865555817177,0.060798476248862025,59.151986386649185
77,2019-12-23,avg_hops,-3.5118462222438294,12.197257921153101,-0.27181445466204307,6.572941962994116e-09,0.5934219244382274
78,2019-11-11,avg_tt,-6.085274237078979,27.494126621215734,-0.2722298672214548,6.221090689665924e-09,1.0265781846863586
79,2019-11-11,thr_15min_pois,130.34431229690045,114.8613430378625,0.2514731075699142,8.689329946964784e-08,23.943230204301024
80,2019-11-11,avg_hops,-5.042480478704107,16.403703523389616,-0.33417080284086415,5.768110256094118e-13,0.6787824377805418
81,2019-01-21,avg_tt,-6.160149984006371,27.547669992637008,-0.274397514623214,4.6615950882021055e-09,1.030340310960857
82,2019-01-21,thr_15min_pois,129.55751145800664,117.65075467822383,0.24050636385439372,3.195815092065965e-07,24.95544582462614
83,2019-01-21,avg_hops,-5.010240498672212,16.16589166983806,-0.33835804188038127,2.838920594914441e-13,0.665039568292994
84,2019-05-13,avg_tt,-5.899516672425488,27.311227302260416,-0.2658500450602358,1.4334515420830903e-08,1.0210122514741506
85,2019-05-13,thr_15min_pois,129.93904134788056,115.13564254413768,0.2444279971399393,2.0202660163283358e-07,24.60250134832644
86,2019-05-13,avg_hops,-4.793680310594892,16.1726902503511,-0.32443869086886573,2.8756398274001057e-12,0.6670409267870266
87,2019-02-18,avg_tt,2.2420238913977544,11.539838283255264,0.10958535069084814,0.0219533088251925,0.9750336661372406
88,2019-02-18,thr_15min_pois,-170.66918107036386,1023.8009932622806,-0.12033807083121058,0.011817005260630857,67.50561164158516
89,2019-02-18,avg_hops,-1.4838687817703986,7.249271119098289,-0.23955497626161007,4.0325485167805653e-07,0.2883450368191104
90,2019-03-04,avg_tt,-5.8307074379435395,27.18519906107093,-0.26156794972698333,2.4798072663188454e-08,1.02686902811745
91,2019-03-04,thr_15min_pois,127.15989610281713,119.3829948138262,0.23403600944068528,6.695431300892234e-07,25.211768625342824
92,2019-03-04,avg_hops,-4.951670507411458,16.06593491622848,-0.33539739592665646,4.691671684432306e-13,0.6638134895851967
93,2019-06-17,avg_tt,-5.771365773168139,27.29913378938423,-0.25899446204468346,3.4312195464630324e-08,1.0272555547249411
94,2019-06-17,thr_15min_pois,128.17794083821028,116.02948091315105,0.24492487454572973,1.905150002161222e-07,24.21669042843324
95,2019-06-17,avg_hops,-4.734459230950483,16.185989800373417,-0.3145315741759397,1.3922979439332414e-11,0.6819509065278356
96,2019-07-15,avg_tt,-5.792701243855334,27.317403341564344,-0.2625267193394583,2.195270452923073e-08,1.0161756711297592
97,2019-07-15,thr_15min_pois,129.70299934934167,116.6611289689099,0.2439228970803243,2.1441406676996142e-07,24.611889895838456
98,2019-07-15,avg_hops,-4.9190319456444085,16.269193669450587,-0.32757055794413914,1.725506823772934e-12,0.6771652898093214
99,2019-07-08,avg_tt,-5.743950483676613,27.27580430093427,-0.25713030242220075,4.331737795459272e-08,1.0303188271048929
100,2019-07-08,thr_15min_pois,129.2531078294254,115.96723009441,0.24719142075237382,1.4554746271623172e-07,24.181552381044764
101,2019-07-08,avg_hops,-4.7533857364815315,16.161677643797212,-0.31478472359962334,1.3382638153780446e-11,0.6840659814819671
102,2019-11-18,avg_tt,-6.085274237078979,27.494126621215734,-0.2722298672214548,6.221090689665924e-09,1.0265781846863586
103,2019-11-18,thr_15min_pois,130.34431229690045,114.8613430378625,0.2514731075699142,8.689329946964784e-08,23.943230204301024
104,2019-11-18,avg_hops,-5.042480478704107,16.403703523389616,-0.33417080284086415,5.768110256094118e-13,0.6787824377805418
105,2019-03-25,avg_tt,-5.628564921608386,27.229650913396846,-0.253733751045345,6.592422721658187e-08,1.0240867301019116
106,2019-03-25,thr_15min_pois,110.86604093397467,122.19123410576793,0.2074060620494026,1.128287619410027e-05,24.957258784550756
107,2019-03-25,avg_hops,-4.930251149938958,16.114116419401185,-0.33354546167761273,6.406396619743448e-13,0.6650754619503346
108,2019-09-16,avg_tt,-6.130992894647932,27.47866221057704,-0.27477916814434383,4.4294873943138606e-09,1.0239231508646254
109,2019-09-16,thr_15min_pois,135.81168424352694,112.4514191850787,0.25994080970836014,3.046235989406396e-08,24.07901443900795
110,2019-09-16,avg_hops,-5.092026358163823,16.407377073698598,-0.3354671742313204,4.6367365197611e-13,0.6824693951101476
111,2019-03-18,avg_tt,-5.628564921608386,27.229650913396846,-0.253733751045345,6.592422721658187e-08,1.0240867301019116
112,2019-03-18,thr_15min_pois,110.86604093397467,122.19123410576793,0.2074060620494026,1.128287619410027e-05,24.957258784550756
113,2019-03-18,avg_hops,-4.930251149938958,16.114116419401185,-0.33354546167761273,6.406396619743448e-13,0.6650754619503346
114,2019-07-29,avg_tt,-5.7272009488072575,27.286409155269787,-0.2603293932624719,2.9005588300677346e-08,1.0137903850329693
115,2019-07-29,thr_15min_pois,127.84487604837815,117.87157247941573,0.24113713345583687,2.970133439817834e-07,24.5571808251273
116,2019-07-29,avg_hops,-4.91464106895063,16.324229666238995,-0.3275807301195991,1.722630210836398e-12,0.6765372974236741
117,2019-01-28,avg_tt,-6.086130682580088,27.543073347444853,-0.27201380057985397,6.401755196782289e-09,1.0276034639823801
118,2019-01-28,thr_15min_pois,122.80433678947665,119.60501799735366,0.2295472157891303,1.1046484540241114e-06,24.851638878413702
119,2019-01-28,avg_hops,-5.011989906437151,16.166814713458212,-0.3375068307352863,3.2818580965046613e-13,0.6671662483968563
120,2019-05-06,avg_tt,-5.680478448105643,27.358442829996875,-0.2554325862393601,5.347499274685817e-08,1.0261835934349577
121,2019-05-06,thr_15min_pois,110.18944737430836,118.88475134442663,0.212501794903084,6.751199970562806e-06,24.183052770753804
122,2019-05-06,avg_hops,-4.7379735545760555,16.20241211465257,-0.3219769786468506,4.27858341009654e-12,0.6649204920615044
123,2019-11-04,avg_tt,1.275996573737012,14.234741373646125,0.07161066804316558,0.1332303942585006,0.8482485146015306
124,2019-11-04,thr_15min_pois,-110.56401207522129,762.0194566852796,-0.07081120612030263,0.13762885599504943,74.33408044707313
125,2019-11-04,avg_hops,-0.9298043087331199,8.963432789838716,-0.09548324543385445,0.04506598951921465,0.4626401285531693
126,2019-04-08,avg_tt,-5.625784910224959,27.229361554469953,-0.25362633956101205,6.679900879658149e-08,1.0240442336983233
127,2019-04-08,thr_15min_pois,110.80569771757777,122.1894300704034,0.2073101188286988,1.1391133977761319e-05,24.955737542123227
128,2019-04-08,avg_hops,-4.921939944646487,16.112078711876322,-0.3330485874457172,6.96236031282113e-13,0.6650687502905014
129,2019-06-10,avg_tt,8.375155111753896,19.669222939753098,0.18508408823968106,0.0002608153499449669,2.272246120774636
130,2019-06-10,thr_15min_pois,4.885556481730653,18.35120039443216,0.0459118232821442,0.36897254027317195,5.431651590175798
131,2019-06-10,avg_hops,2.130263437617159,5.376892633004287,0.13967114658452925,0.006049202134300219,0.7717013303868092
132,2019-04-01,avg_tt,-3.7786481340010063,21.91190115845796,-0.18680043786597952,7.931295313571024e-05,0.9484484245640358
133,2019-04-01,thr_15min_pois,169.46091836802816,199.2800805742791,0.17028789399938932,0.00032794026757797836,46.80191146472506
134,2019-04-01,avg_hops,-4.025152329729926,13.61050484813681,-0.32943465087082174,1.2696225972788743e-12,0.5505982592572449
135,2019-07-22,avg_tt,-5.790300028758118,27.308327971330698,-0.2624569358696475,2.2148668628077626e-08,1.0160445045192577
136,2019-07-22,thr_15min_pois,130.05320678798878,116.90414601463742,0.24414069271669434,2.0898550843601974e-07,24.654935047569623
137,2019-07-22,avg_hops,-4.918937975400664,16.268821935783336,-0.32757162549501645,1.7252047081710963e-12,0.6771498815577196
138,2019-12-09,avg_tt,-34.06373819586312,155.24290519698485,-0.2258240674298536,1.615982094264509e-06,7.005346921962758
139,2019-12-09,thr_15min_pois,-2.5238299337746137,3.1871192839595004,-0.06590671217621097,0.16660667102179366,1.8216243627088748
140,2019-12-09,avg_hops,-2.0699053460200507,11.252329917970592,-0.22608154668376174,1.571314202552125e-06,0.4251736206204882
141,2019-08-19,avg_tt,-1.721910238354601,19.939946585676484,-0.07904702628288868,0.09734346123573936,1.0364100722677632
142,2019-08-19,thr_15min_pois,142.46996843623546,308.7628964700787,0.11664606739062043,0.01424649946673173,57.895673467482275
143,2019-08-19,avg_hops,-3.2977540298356254,12.839658390675343,-0.24721105724530856,1.4520669353753553e-07,0.6169141044157216
144,2019-09-30,avg_tt,-6.190891299608804,27.542792589458962,-0.27781744010238085,2.9413800254494755e-09,1.0216904103892335
145,2019-09-30,thr_15min_pois,135.07934516021936,112.73286054317501,0.25879750409189095,3.5170592583943865e-08,24.062623508622003
146,2019-09-30,avg_hops,-5.0265614558155445,16.368557590342498,-0.3323076255364534,7.880120738837092e-13,0.680908717366477
147,2019-01-14,avg_tt,2.1764641237837905,13.055618296878714,0.12410511869025506,0.009083280422160544,0.8305370582382162
148,2019-01-14,thr_15min_pois,-223.54297511754896,892.7224145694595,-0.1414523284496768,0.002910359905785208,74.66718221475368
149,2019-01-14,avg_hops,-0.7503036560418576,8.216196036345444,-0.07876496380536219,0.09854739806104057,0.4532317905906474
150,2019-04-29,avg_tt,1.7113880718647854,19.175107927195448,0.08489780397915087,0.0749107450118299,0.9586255451520331
151,2019-04-29,thr_15min_pois,-33.53961765413897,293.04850427971115,-0.03301880267388182,0.48917883431106746,48.45377902941464
152,2019-04-29,avg_hops,-1.345069171397046,12.65149999171688,-0.10487493468491701,0.02765125686841151,0.6087501416013505
153,2019-10-14,avg_tt,-6.205868340563552,27.552361242774577,-0.27837118301228947,2.7284181736828925e-09,1.0219542224432878
154,2019-10-14,thr_15min_pois,135.14220026108342,112.6994989802698,0.2588914902850686,3.4758416962147696e-08,24.064453245369478
155,2019-10-14,avg_hops,-5.024746952679668,16.367775062355328,-0.3321498514169127,8.090303776651395e-13,0.6810263670545339
156,2020-01-06,avg_tt,2.111135140026354,14.01620209446233,0.09957322653453472,0.03659083005672534,1.0068794398092913
157,2020-01-06,thr_15min_pois,-96.0534267554296,746.5852838450858,-0.06079594941915748,0.20256761340485943,75.26652455254451
158,2020-01-06,avg_hops,-1.552295782475015,8.928111477384721,-0.19334704992855856,4.362411666997537e-05,0.37595114556164916
159,2020-06-22,avg_tt,-6.927762890676594,27.94074966921476,-0.3024618253990246,8.802280913500678e-11,1.0419735097638907
160,2020-06-22,thr_15min_pois,136.10438980383273,111.89026589606544,0.2585910985879006,3.6092428865683654e-08,24.265962794327066
161,2020-06-22,avg_hops,-5.244138603444179,16.520307284953176,-0.3457827785973952,7.864345142561787e-14,0.6791833191732839
162,2020-08-31,avg_tt,-2.296542944485412,19.471392498199403,-0.09991610109982339,0.03594630178611616,1.0915109786483714
163,2020-08-31,thr_15min_pois,194.2010629809649,352.1023333662665,0.1369736181708215,0.003953143715201329,67.03006561441302
164,2020-08-31,avg_hops,-3.876625889465292,12.662234461607044,-0.27480650330121537,4.413300325148721e-09,0.6473567953178858
165,2020-01-27,avg_tt,-6.777057433487934,27.967910699713816,-0.2991389491841923,1.4411146001679613e-10,1.0317624230968458
166,2020-01-27,thr_15min_pois,137.49913074744964,106.99272212619529,0.2678256116321948,1.1095260372385579e-08,23.60764218561535
167,2020-01-27,avg_hops,-5.41381936977866,16.648846190609355,-0.35588279998497424,1.2976738169612847e-14,0.6785127713559062
168,2020-08-10,avg_tt,-6.85379146086978,28.079898978681022,-0.30183221436998886,9.668802968410878e-11,1.0332143900226156
169,2020-08-10,thr_15min_pois,131.74749241710637,112.81875630129973,0.25515356607098216,5.535084935423545e-08,23.828146354326588
170,2020-08-10,avg_hops,-5.537323268867368,16.670271354217178,-0.3646481149763219,2.576728700176832e-15,0.6748560514857648
171,2020-07-13,avg_tt,-6.80829291784506,27.99478750994342,-0.3030897591089576,8.013614925617197e-11,1.0216691948399526
172,2020-07-13,thr_15min_pois,130.17751244807658,112.75832698315405,0.25236648849492926,7.793359503115731e-08,23.822214032489345
173,2020-07-13,avg_hops,-5.3085354995188325,16.487374747432437,-0.35357700378785706,1.969180014160569e-14,0.6702832043719551
174,2020-03-16,avg_tt,-6.712139432944695,27.756749154557,-0.2992038323683174,1.4273943883206523e-10,1.0216357062995964
175,2020-03-16,thr_15min_pois,128.7920723505444,114.56996153054651,0.2457028148198445,1.7375075359222607e-07,24.250751745362397
176,2020-03-16,avg_hops,-5.2797947265714145,16.52337937486525,-0.34987904803520165,3.816693823674924e-14,0.6747009958325467
177,2020-09-07,avg_tt,-6.622529570232312,27.858674810181164,-0.2947677026143044,2.730311938800702e-10,1.0246458251689656
178,2020-09-07,thr_15min_pois,111.71663911933895,119.29433574927683,0.21802851712697077,3.8131293709116696e-06,23.866926003128768
179,2020-09-07,avg_hops,-5.235424289474522,16.421561780833375,-0.3559065786514902,1.2920818669082856e-14,0.6561043594084222
180,2020-06-29,avg_tt,-7.001609157086388,28.072592937324025,-0.3056251709717728,5.4730242052144954e-11,1.0410766986252786
181,2020-06-29,thr_15min_pois,134.7118201559759,111.70291106795942,0.2578618097037918,3.954028012345583e-08,24.090470050253536
182,2020-06-29,avg_hops,-5.28226922571868,16.575649665626838,-0.3486451380652329,4.750599618971021e-14,0.6777387764159641
183,2020-05-11,avg_tt,-6.949799804746637,27.972304738658362,-0.30224363308987695,9.093641411244604e-11,1.046118539492216
184,2020-05-11,thr_15min_pois,137.80252307098786,112.94845911366151,0.25731715551168977,4.232069247835904e-08,24.699051972877825
185,2020-05-11,avg_hops,-5.170473643381858,16.469317940608022,-0.3442018269476741,1.03661532062022e-13,0.6731351034905724
186,2020-06-08,avg_tt,-6.927762890676594,27.94074966921476,-0.3024618253990246,8.802280913500678e-11,1.0419735097638907
187,2020-06-08,thr_15min_pois,136.10438980383273,111.89026589606544,0.2585910985879006,3.6092428865683654e-08,24.265962794327066
188,2020-06-08,avg_hops,-5.244138603444179,16.520307284953176,-0.3457827785973952,7.864345142561787e-14,0.6791833191732839
189,2020-08-24,avg_tt,-6.630194006626654,27.8939944756591,-0.29565519282442626,2.400201526045036e-10,1.022458862491817
190,2020-08-24,thr_15min_pois,113.40713107746905,116.446745421789,0.2241138785906452,1.997921862856055e-06,23.53689960303083
191,2020-08-24,avg_hops,-5.299264279660651,16.35507720383597,-0.362864124882046,3.595186174087089e-15,0.6495036485980369
192,2020-12-21,avg_tt,-5.472291672264937,27.71946011434693,-0.20312221470619357,1.7207407492067382e-05,1.2590132097784248
193,2020-12-21,thr_15min_pois,108.89359422480956,118.80780355131603,0.20705311852549907,1.168601081575159e-05,24.556899649255353
194,2020-12-21,avg_hops,-5.697601162897242,16.50011327345394,-0.39935469372962723,2.5815574388714617e-18,0.6242721202016092
195,2020-02-24,avg_tt,-6.678311132131452,27.838497105199423,-0.2951529228776312,2.581928252603592e-10,1.0317994127894126
196,2020-02-24,thr_15min_pois,133.0106620316235,111.86833091505959,0.2536762578974264,6.639107855092195e-08,24.206427662569936
197,2020-02-24,avg_hops,-5.332885551440038,16.62073302758482,-0.3504657560718855,3.438273279876413e-14,0.6801852783671473
198,2020-10-19,avg_tt,2.7446186061813216,11.449494094082537,0.1503106859088241,0.0016265829200546734,0.8655360744462163
199,2020-10-19,thr_15min_pois,-180.88466768475553,1021.1485262986479,-0.13466393217151443,0.004804157704323772,63.816335775745316
200,2020-10-19,avg_hops,-0.8181427550626568,7.038922884943834,-0.14862312892557594,0.0018374603159903855,0.26100436031790847
201,2020-12-14,avg_tt,-1.0646410777242812,19.449094005294135,-0.03919130758203766,0.4116479484671597,1.2955298370286141
202,2020-12-14,thr_15min_pois,125.21511740041741,369.3892641232939,0.09098140147862557,0.056243011803899796,65.41343274334453
203,2020-12-14,avg_hops,-4.173108590486758,12.897377057037613,-0.3188470996040232,7.054165035367133e-12,0.5920583143509481
204,2020-09-21,avg_tt,1.4391971568992574,13.723620365840606,0.0662750346981574,0.16666420071701588,1.0388905743794046
205,2020-09-21,thr_15min_pois,-41.107162013173266,790.9045459711047,-0.025242530244912065,0.5987102890076959,78.05515199644586
206,2020-09-21,avg_hops,-1.8834500549923432,8.964416075435144,-0.20868747164274817,1.0897981943779993e-05,0.4231985133578612
207,2020-01-13,avg_tt,-6.653217630273484,27.848567638551803,-0.29325583504976377,3.3970891528742813e-10,1.0352044885363896
208,2020-01-13,thr_15min_pois,137.37167226619204,108.66130541359871,0.2636018488491399,1.913740818426372e-08,23.99263482877384
209,2020-01-13,avg_hops,-5.311159642961871,16.583891524912413,-0.3502394266454052,3.579684121872055e-14,0.6779132657828137
210,2020-07-06,avg_tt,-7.215174354751924,28.34824707441633,-0.31387049264498007,1.543643505901329e-11,1.0417017868344733
211,2020-07-06,thr_15min_pois,130.66880440936666,111.87710000784848,0.254392518395657,6.079614214787335e-08,23.708669287830368
212,2020-07-06,avg_hops,-5.816299696347573,16.96090930708669,-0.37741004391853594,2.2369308021212936e-16,0.6811358520311221
213,2020-11-16,avg_tt,-6.589774748740852,27.88386907139478,-0.2896137071249528,5.720430930005154e-10,1.0394325285526484
214,2020-11-16,thr_15min_pois,114.38968724775768,117.68657180549815,0.22136450443426844,2.6815260766010383e-06,24.051179253851945
215,2020-11-16,avg_hops,-5.156069671930084,16.302325053736745,-0.3474330605039942,5.884662508878716e-14,0.66417344610763
216,2020-10-12,avg_tt,-6.745693871722816,28.054283256877753,-0.292987093920515,3.5311534694870937e-10,1.0506465627227177
217,2020-10-12,thr_15min_pois,115.75301620500002,115.48147593850949,0.22467846543247788,1.879892245002919e-06,23.96020730565367
218,2020-10-12,avg_hops,-5.2856134269985375,16.429389231186253,-0.35313550878635125,2.132045788301072e-14,0.668342453946382
219,2020-11-23,avg_tt,-6.449641714204994,27.783428034096463,-0.28474772531069353,1.1344901188301228e-09,1.0362907429603234
220,2020-11-23,thr_15min_pois,109.98889108985496,120.5604171243665,0.2119507543876062,7.141070539061322e-06,24.204758963719513
221,2020-11-23,avg_hops,-5.221716004608562,16.356538028428634,-0.3499952182598068,3.7386601044542746e-14,0.6670267759400648
222,2020-05-18,avg_tt,-2.7357137832543303,18.767253570578603,-0.1255827756371606,0.008285384863726328,1.0314695032098595
223,2020-05-18,thr_15min_pois,241.12308892767157,368.1237539703231,0.1655433174026651,0.00048183512227326916,68.55845031632866
224,2020-05-18,avg_hops,-3.566944937767996,11.860837100681103,-0.27321724155388416,5.456494630877322e-09,0.5993901563504795
225,2020-07-27,avg_tt,-6.8080045685376005,27.994088032255725,-0.3030325176672296,8.082556623332547e-11,1.0218384239308815
226,2020-07-27,thr_15min_pois,130.17751244807658,112.75832698315405,0.25236648849492926,7.793359503115731e-08,23.822214032489345
227,2020-07-27,avg_hops,-5.3083707284860004,16.48697504589661,-0.3534711410396309,2.0070837571800195e-14,0.670491816215039
228,2020-06-15,avg_tt,1.0002932921830823,14.279472593681053,0.045142544368965434,0.3464684208828589,1.0613380382948672
229,2020-06-15,thr_15min_pois,12.787925362564351,732.4823167894667,0.007790970148886107,0.8709887680272412,78.69565291228442
230,2020-06-15,avg_hops,-1.9504551896835873,9.098462646585636,-0.21862800348112982,3.9660550484862185e-06,0.41739770616011196
231,2020-08-03,avg_tt,-2.664510854338762,20.834153842007577,-0.09848664023421082,0.03869856003704984,1.284965254944909
232,2020-08-03,thr_15min_pois,151.32878884672178,352.477322695116,0.11244206388991372,0.018172875988865612,63.82598773621011
233,2020-08-03,avg_hops,-4.224486013233855,12.889896003980146,-0.3100613571398983,2.783637197850602e-11,0.6182228118516842
234,2020-10-26,avg_tt,-6.620671308811006,27.99818226856963,-0.2885473378930936,6.654034123280881e-10,1.0485179958246003
235,2020-10-26,thr_15min_pois,112.98334174113307,116.72323825190185,0.21987330602935903,3.1406704917531547e-06,23.924869769496127
236,2020-10-26,avg_hops,-5.2017813305332945,16.417070143761286,-0.3474000222354344,5.919024779450367e-14,0.6701342146390334
237,2020-03-02,avg_tt,-6.767723010907622,27.687778087693157,-0.3039242045801546,7.071361506430958e-11,1.0125103387294407
238,2020-03-02,thr_15min_pois,130.60271073902632,115.48798903068015,0.24706015448246596,1.478453196248647e-07,24.44787205863489
239,2020-03-02,avg_hops,-5.286921527114024,16.52187796163367,-0.3509299110990724,3.1651811567378044e-14,0.6733059069511994
240,2020-09-28,avg_tt,1.823001163600504,12.92512786949544,0.10080366676868646,0.034322528845902846,0.858737746576809
241,2020-09-28,thr_15min_pois,-208.47031373180755,921.9916099083914,-0.13354152493906685,0.004969497102012517,73.83941082927555
242,2020-09-28,avg_hops,-0.9644012547062688,8.162951759149376,-0.09837249391932278,0.03892582994902411,0.46562921917656575
243,2020-05-25,avg_tt,-0.15789571120593113,45.23763078387131,-0.0026500277306462563,0.9559480175575257,2.856760036273528
244,2020-05-25,thr_15min_pois,-4.354160043606466,7.20044093240227,-0.07919044506349704,0.09827063769003365,2.62797318936109
245,2020-05-25,avg_hops,0.3726519620305524,5.337778911133146,0.02678520496093456,0.5765514935149314,0.6668189942163892
246,2020-03-30,avg_tt,-5.7848901090265725,26.137392960160735,-0.27525002781243435,4.158538324385164e-09,0.9643335051075751
247,2020-03-30,thr_15min_pois,150.84149613135736,130.43380830544814,0.26296533693296975,2.075884978920004e-08,26.4137302466149
248,2020-03-30,avg_hops,-5.141747925621668,16.674924463217074,-0.3433125822233072,1.2100166331937065e-13,0.6713618979652349
249,2020-12-07,avg_tt,-6.427110085943559,27.768700470224207,-0.28391897278405415,1.2731548327932683e-09,1.0359503831959613
250,2020-12-07,thr_15min_pois,109.27416456783959,121.03644377296848,0.210526215524351,8.250865848296461e-06,24.21781779332195
251,2020-12-07,avg_hops,-5.210610953271992,16.349646069737318,-0.3495131721583779,4.0730352003216445e-14,0.6666542582779502
252,2020-03-09,avg_tt,-6.859336679958426,27.893142039524157,-0.30730954970224356,4.2396045123901415e-11,1.0137540929982445
253,2020-03-09,thr_15min_pois,132.7274012052988,114.12102445258826,0.25059477925719464,9.666655780979903e-08,24.47219783112917
254,2020-03-09,avg_hops,-5.338397871058442,16.651364875205388,-0.35352557257698397,1.9875062816571795e-14,0.6741658539268656
255,2020-04-20,avg_tt,-5.5147165051026,23.549108159488394,-0.2612307382915373,2.5881169907680754e-08,0.9725643263553907
256,2020-04-20,thr_15min_pois,263.16198234527036,150.66817961340746,0.288176359133831,7.012321405961248e-10,41.73557536589399
257,2020-04-20,avg_hops,-5.7145994346209035,15.410253717893486,-0.3884880104528426,2.4524429408208708e-17,0.6469183480041719
258,2020-05-04,avg_tt,-7.12445691557894,27.803619890337078,-0.30813538981332567,3.7384483625405387e-11,1.0498199693507275
259,2020-05-04,thr_15min_pois,153.3568188273536,111.81239939992898,0.2778433578339886,2.931062258380633e-09,25.306106245796464
260,2020-05-04,avg_hops,-5.16478122108569,16.44401058114925,-0.34463823890047734,9.606663589541294e-14,0.6714280563521234
261,2020-04-06,avg_tt,-5.769982365443886,26.10147163664034,-0.27391361285638166,4.9728910996519515e-09,0.9669249040447639
262,2020-04-06,thr_15min_pois,151.78468607390846,131.08629327473875,0.2616592691888061,2.4512388494323613e-08,26.72138888123668
263,2020-04-06,avg_hops,-5.161746432330515,16.647591121756978,-0.34240027261670325,1.4173758709315283e-13,0.6760084622449734
264,2020-02-17,avg_tt,-6.662344957590524,27.826377996990704,-0.29408220033155,3.015143105112557e-10,1.0334372569486965
265,2020-02-17,thr_15min_pois,133.97440235251554,110.10773861324007,0.2582946320842121,3.74574595803722e-08,23.915588410557405
266,2020-02-17,avg_hops,-5.3357370117259,16.601990505689713,-0.35094609761081,3.1560516349081757e-14,0.6794869675760496
267,2020-09-14,avg_tt,-6.586794364146961,27.767761822656215,-0.2928808132131706,3.585581168575795e-10,1.0263050817206592
268,2020-09-14,thr_15min_pois,113.04033821259435,119.08025098147887,0.21951115900909238,3.2630249995652646e-06,23.978434397365238
269,2020-09-14,avg_hops,-5.171892263555495,16.373370472936113,-0.3520874736698202,2.5733817124111542e-14,0.656186389186676
270,2020-07-20,avg_tt,0.8912125203985213,13.866116441030911,0.0493158992218269,0.30145257153810684,0.8614564056710756
271,2020-07-20,thr_15min_pois,-64.85476922294335,801.1969217386744,-0.041147596499049865,0.3886808114765957,75.16180772294592
272,2020-07-20,avg_hops,-0.958935779904697,8.669525051819384,-0.08909739637725254,0.06155962163272414,0.5116365734259447
273,2020-11-09,avg_tt,-6.596045297169202,27.925601651585723,-0.28944203668937685,5.861611524351336e-10,1.0410951697098785
274,2020-11-09,thr_15min_pois,113.44615204280719,117.40386010182968,0.21923066127370858,3.3609110250176805e-06,24.09686411662202
275,2020-11-09,avg_hops,-5.147393932531612,16.34041113429005,-0.34401181465090935,1.0714926208190599e-13,0.6705502674447095
276,2020-06-01,avg_tt,-5.973933707707186,24.65196960224206,-0.2326826088395687,7.794750226231066e-07,1.1917286207623239
277,2020-06-01,thr_15min_pois,220.5797670490368,154.36784851564994,0.2953960767614916,2.4923400648731136e-10,34.04885467249317
278,2020-06-01,avg_hops,-5.653582514215407,16.63263033939217,-0.36518188293474346,2.331379825091197e-15,0.6878633426106726
279,2020-04-13,avg_tt,1.260205364764139,12.921895111936811,0.06466080653126474,0.17825845211513644,0.9346445078767395
280,2020-04-13,thr_15min_pois,-89.37287435692618,896.1783770189213,-0.06156697710677624,0.19998215994185378,69.62886051975217
281,2020-04-13,avg_hops,-0.6469485686263645,6.472748811398359,-0.07773459520241702,0.10543238278091031,0.3987450803003191
282,2020-02-10,avg_tt,-9.612139861602063,52.89935835365922,-0.15135573348207998,0.0014515642289154897,2.999519943159148
283,2020-02-10,thr_15min_pois,-3.8969088739774245,6.172392145057325,-0.07608451274221284,0.1109958274727608,2.440204622082837
284,2020-02-10,avg_hops,-0.13547338105104256,5.541880806066291,-0.011217553376644792,0.8144886090206909,0.5770207669467956
285,2020-03-23,avg_tt,-5.281280836872313,25.638896484928203,-0.2443837585124154,2.030833913248229e-07,1.0001438560396414
286,2020-03-23,thr_15min_pois,122.34589728916711,127.23235351316201,0.22019483517634605,3.035725392806109e-06,25.867691154198766
287,2020-03-23,avg_hops,-4.845309079016749,15.697524442301862,-0.3376336705497813,3.2118064678325355e-13,0.6447052327610495
288,2020-11-30,avg_tt,-6.377452199606911,27.758157246738335,-0.2818648600284973,1.6916143942808497e-09,1.036091775741749
289,2020-11-30,thr_15min_pois,107.51144866587335,121.597515092291,0.20776969437105341,1.0881389465735286e-05,24.157836775959346
290,2020-11-30,avg_hops,-5.238032178895339,16.38706088732589,-0.3507086825127553,3.292583444238257e-14,0.6675595720913934
291,2020-08-17,avg_tt,-6.878924720497636,27.88901772834022,-0.3041511809510988,6.834332577250398e-11,1.0283008773130737
292,2020-08-17,thr_15min_pois,131.40953525115216,113.96961532631178,0.2516172222956022,8.538360986945704e-08,24.124144051209477
293,2020-08-17,avg_hops,-5.457894057094635,16.41581571623454,-0.37149125159245905,7.043243675101448e-16,0.651023154070575
294,2020-01-20,avg_tt,-6.7298401717054315,27.961307319490516,-0.2971102194572552,1.941232842039349e-10,1.032254904465446
295,2020-01-20,thr_15min_pois,133.56744020325587,108.66220851538148,0.2581896875911451,3.795251193629768e-08,23.85332605149367
296,2020-01-20,avg_hops,-5.3622867953188456,16.64153322026895,-0.3542104918994638,1.756596906680442e-14,0.6756860245441958
297,2020-12-28,avg_tt,-5.474296540491262,27.721419114281552,-0.20323667823044245,1.7016394570934398e-05,1.258734596204096
298,2020-12-28,thr_15min_pois,108.15559186279798,118.59838740750152,0.20499215659122347,1.4327678774557332e-05,24.646615529657655
299,2020-12-28,avg_hops,-5.725666144916721,16.51338403374781,-0.4015673207407385,1.6156438439341197e-18,0.6232324107144375
300,2020-10-05,avg_tt,-3.393082999853281,20.543094572551347,-0.1423447407748206,0.0027352352158829508,1.126096913509898
301,2020-10-05,thr_15min_pois,220.10416164532444,318.87678337858677,0.163090303964345,0.0005855450495318566,63.54975333040838
302,2020-10-05,avg_hops,-3.5690410900920635,12.654242640834,-0.24633218894765332,1.612370599602301e-07,0.6702009068599987
303,2020-02-03,avg_tt,-6.8258294169572435,27.959088031503182,-0.3011568227030631,1.0690698901350474e-10,1.0315378081940014
304,2020-02-03,thr_15min_pois,139.67190353026268,106.44945407883415,0.27050927062802377,7.80850206564156e-09,23.724302132200577
305,2020-02-03,avg_hops,-5.406418009573744,16.652178095478575,-0.35501113056598343,1.519877802558697e-14,0.6794897859215612
306,2020-04-27,avg_tt,0.9201239946869721,13.14244388253895,0.04314347574015243,0.3682636753707266,1.0216027000508596
307,2020-04-27,thr_15min_pois,9.204107044573885,861.1747354941406,0.005987494341269178,0.9006751853739875,73.70282450047507
308,2020-04-27,avg_hops,-2.113219250608601,8.83820168953098,-0.22319672109567398,2.4525608351462673e-06,0.4425025713734244
309,2020-11-02,avg_tt,-6.610779275257235,27.981397678910334,-0.29001642330041594,5.402093066666761e-10,1.0411650366858685
310,2020-11-02,thr_15min_pois,113.49040779482664,116.39711655705793,0.22018848981288863,3.0377636625009692e-06,23.99609464157065
311,2020-11-02,avg_hops,-5.178706746362623,16.412862198432826,-0.3460627054930818,7.487765793290503e-14,0.6700928116074691
312,2021-10-25,avg_tt,2.1867184124293684,48.101523109878414,0.026365085630124397,0.5808172299225238,3.9571309301879403
313,2021-10-25,thr_15min_pois,-22.442341521938346,34.53016764156766,-0.1617950319493018,0.0006483209697836578,6.532969003584192
314,2021-10-25,avg_hops,-6.213146925014796,23.766190364033193,-0.11799393598344633,0.013156405144199305,2.495601193730082
315,2021-09-20,avg_tt,-5.696803706793299,27.396190522862067,-0.2182064966692334,3.7426920520347886e-06,1.2160118376051146
316,2021-09-20,thr_15min_pois,140.7229509984939,109.30942729591901,0.2562514930610125,4.831725541285058e-08,25.334808044702104
317,2021-09-20,avg_hops,-5.571057541870678,16.378966180127225,-0.4042786991710191,9.054091839669143e-19,0.6015514018057305
318,2021-10-18,avg_tt,-5.851169165366454,27.550718522925614,-0.21890510049616904,3.478042090413896e-06,1.2447764451494794
319,2021-10-18,thr_15min_pois,148.04747758033912,106.2424084016995,0.26637128641967794,1.340044764845778e-08,25.56819276776353
320,2021-10-18,avg_hops,-5.603561791942695,16.361354510910672,-0.40314240174405735,1.15484979178017e-18,0.6070992052621942
321,2021-04-12,avg_tt,-5.71462562233969,27.97141878031573,-0.21598034075652606,4.720428575947584e-06,1.2330141344301033
322,2021-04-12,thr_15min_pois,126.99604298253495,106.12111876037882,0.24856648364672165,1.2345524384898382e-07,23.61927038250495
323,2021-04-12,avg_hops,-5.502193666973054,16.344027674926863,-0.3986084382666031,3.0212422450648884e-18,0.6042043692606383
324,2021-09-13,avg_tt,-5.624977136096575,27.49720482812163,-0.2163779059058434,4.529575157211485e-06,1.2113319874229396
325,2021-09-13,thr_15min_pois,134.16941069426457,107.69055921566624,0.25020622414774313,1.0132080666570667e-07,24.779063403280084
326,2021-09-13,avg_hops,-5.485654140566044,16.34754316388741,-0.4000641906507901,2.2221951888016216e-18,0.5997812006640346
327,2021-11-08,avg_tt,-5.670803404422197,27.758594289155038,-0.21179677314208986,7.2537939113305414e-06,1.2488980638395308
328,2021-11-08,thr_15min_pois,138.73307974327074,106.17984897729399,0.25822688651062053,3.777631515316513e-08,24.772014910683797
329,2021-11-08,avg_hops,-5.665244007196653,16.43079271095451,-0.40438633575663463,8.847349613646644e-19,0.6115268237763611
330,2021-12-06,avg_tt,0.1918640950282054,15.090947081272152,0.008199958330192311,0.8641255687804867,1.1205318828263535
331,2021-12-06,thr_15min_pois,115.82141390717449,647.442521534241,0.07105963906502628,0.1375979327555097,77.86160715452925
332,2021-12-06,avg_hops,-2.697122191407933,9.65824989889634,-0.2773190226581409,3.5597113576629234e-09,0.447507912254438
333,2021-07-12,avg_tt,2.2087272373748625,10.535499357966474,0.12186672965880474,0.010779029545840209,0.8625080392918618
334,2021-07-12,thr_15min_pois,-189.93969988613858,1117.7878678556565,-0.15474625609442583,0.001173666495408598,58.141710102657505
335,2021-07-12,avg_hops,-0.840833860385576,6.428150259433167,-0.1773529582089585,0.00019419860089139683,0.22371094737506017
336,2021-02-08,avg_tt,-3.3736145026804976,20.757398368897874,-0.12813397638056115,0.0070538553274694035,1.2462469472125068
337,2021-02-08,thr_15min_pois,197.49787296435346,332.1171345404266,0.14328529909989424,0.0025610943037497895,65.10643974262912
338,2021-02-08,avg_hops,-5.059578110698681,13.253862867790861,-0.3836618769996032,6.491404530674652e-17,0.5812432214127154
339,2021-04-05,avg_tt,-4.594714824233314,24.7915055152068,-0.15722160617894257,0.0009233094394257947,1.377460126614116
340,2021-04-05,thr_15min_pois,181.17153668251737,156.9845382661902,0.2548981452648214,5.712364510352934e-08,32.80220915261735
341,2021-04-05,avg_hops,-5.85218810038786,16.550238292692658,-0.41186516918968297,1.7410186736019633e-19,0.6179680372441914
342,2021-06-21,avg_tt,-5.95937193181607,27.857406116707622,-0.22452719320997871,1.910844529156953e-06,1.2344309082833818
343,2021-06-21,thr_15min_pois,143.97157820609004,103.56038463425837,0.26501977208020255,1.5953897970623156e-08,25.000731383107095
344,2021-06-21,avg_hops,-5.503903381358199,16.34465335534553,-0.4073830007807432,4.635084072601151e-19,0.5888827617844915
345,2021-05-17,avg_tt,-5.882536335986239,27.862194104012517,-0.22212006511635227,2.4741251861342884e-06,1.2324173056663108
346,2021-05-17,thr_15min_pois,135.45897152416984,105.6254256972359,0.25445987412323456,6.029407343072638e-08,24.570845676894113
347,2021-05-17,avg_hops,-5.499060696006313,16.319851995237592,-0.40772343747126993,4.3050936929121854e-19,0.5877755551085355
348,2021-10-04,avg_tt,-5.812229807034544,27.42911795476961,-0.22176845393175756,2.5686574715048156e-06,1.2197185189726032
349,2021-10-04,thr_15min_pois,145.10490934129666,108.11590355691031,0.26300583290500307,2.0651848646905045e-08,25.40499824324415
350,2021-10-04,avg_hops,-5.659397232281781,16.3470060063987,-0.41267860992463945,1.4552497749017285e-19,0.5961911879795152
351,2021-05-24,avg_tt,-4.73941782003322,25.29089368594989,-0.18768380273362642,7.325235249288453e-05,1.1838015822697132
352,2021-05-24,thr_15min_pois,164.07674789238916,145.4550302289148,0.2537007694984938,6.619165237758559e-08,29.85701855130374
353,2021-05-24,avg_hops,-5.698956655816736,16.587871704343485,-0.4076753407146049,4.350271704975891e-19,0.6092279351755875
354,2021-01-18,avg_tt,-5.933506227612671,27.598791292678005,-0.22389547092730352,2.0454573834463824e-06,1.2327247244788047
355,2021-01-18,thr_15min_pois,128.771614704148,110.33118083990854,0.24171188685653947,2.777909893087203e-07,24.672741927707914
356,2021-01-18,avg_hops,-5.572077308200534,16.12337663373709,-0.4071765548415727,4.847194861894876e-19,0.5965393415582153
357,2021-11-01,avg_tt,0.022786918299936048,14.171328671428114,0.0009437108725699491,0.984305548493476,1.1577154117069322
358,2021-11-01,thr_15min_pois,118.17441256667604,746.7318503048897,0.07149472653499997,0.13564827677024943,79.04820647033443
359,2021-11-01,avg_hops,-2.495475069068115,8.793316924380564,-0.24602677987010232,1.9025095838153949e-07,0.47137644107199117
360,2021-02-01,avg_tt,-5.7190727870751275,27.806261626130308,-0.21406049147592088,5.755258524089952e-06,1.245579836323021
361,2021-02-01,thr_15min_pois,128.24820036563153,108.17750734487498,0.24360107420528848,2.2268479321020994e-07,24.370016116004066
362,2021-02-01,avg_hops,-5.4003920799715495,16.23708599211285,-0.3880908373135179,2.6586002818814218e-17,0.612085461578886
363,2021-08-02,avg_tt,-6.05346337053308,27.88631233612665,-0.22772306090401395,1.3500136677276995e-06,1.2353823324515472
364,2021-08-02,thr_15min_pois,137.8393302734291,106.70454662049832,0.2554299534945201,5.3492402348128486e-08,24.901074836630418
365,2021-08-02,avg_hops,-5.695349773281082,16.3277528628423,-0.41110826457024485,2.0562061035564461e-19,0.602739745898744
366,2021-08-09,avg_tt,-2.723488954166961,55.422667429480995,-0.042453547683410024,0.39415597502588595,3.1927681933023564
367,2021-08-09,thr_15min_pois,-1.717739097256458,2.481645231821119,-0.05790199506644616,0.2449799728271594,1.4753053242407093
368,2021-08-09,avg_hops,-0.7121038902367117,4.581669847865504,-0.15296703814510765,0.002021368494130434,0.22916673584744113
369,2021-03-15,avg_tt,-5.633825426155574,27.92693418364603,-0.21286674508017045,6.504253288450881e-06,1.2342239813475588
370,2021-03-15,thr_15min_pois,125.16239560215458,107.15320360423985,0.2445381308646217,1.9941864045302997e-07,23.686745647298252
371,2021-03-15,avg_hops,-5.515777521928804,16.357634716664656,-0.40051046740326496,2.021873990392785e-18,0.602274660379593
372,2021-03-22,avg_tt,-0.26553862321628086,19.104977950676812,-0.01142176105574023,0.8109628859411314,1.1095171982055072
373,2021-03-22,thr_15min_pois,48.805768456462495,337.5137982241055,0.04288293207488783,0.36897286452878764,54.26936416992509
374,2021-03-22,avg_hops,-3.1306871176332134,12.207006363872857,-0.29315332637093733,3.447631933352774e-10,0.487304250553414
375,2021-02-15,avg_tt,-5.690230830045916,27.879000984088222,-0.21473356892200507,5.369994790648655e-06,1.2352268259666306
376,2021-02-15,thr_15min_pois,125.63413110444,108.9406379174651,0.2432998742107202,2.3070322732607396e-07,23.90470254113687
377,2021-02-15,avg_hops,-5.471206198901374,16.323506851796466,-0.39548003723985575,5.816346357743251e-18,0.6064477565898903
378,2021-03-29,avg_tt,-5.705887518088684,27.977309683151983,-0.21530284211489484,5.063475698447736e-06,1.2351920270570094
379,2021-03-29,thr_15min_pois,126.64254396883378,106.15908856497559,0.24643381717217205,1.5929964340888417e-07,23.770722042614747
380,2021-03-29,avg_hops,-5.484763949421603,16.355378363662616,-0.3985126966998156,3.0827347031713356e-18,0.6024624138303798
381,2021-12-20,avg_tt,2.6673445791408925,10.427094642844857,0.1362172308455806,0.004334798466052377,0.9301123294675072
382,2021-12-20,thr_15min_pois,-213.37001715063113,1120.088706577579,-0.16836555770804643,0.00040809955829683816,59.89507554684691
383,2021-12-20,avg_hops,-0.9958253779784557,6.40004399049168,-0.21182025513670522,7.965801095248935e-06,0.22029407324095482
384,2021-09-06,avg_tt,-5.505518424940641,27.43938794422783,-0.20958283331209168,9.07424970576156e-06,1.2259033796060994
385,2021-09-06,thr_15min_pois,136.43105391699314,106.20526745770857,0.2541205932741079,6.28644254137653e-08,24.782497515165677
386,2021-09-06,avg_hops,-5.269537707303171,16.211712832457714,-0.38274702463147575,7.792716635868893e-17,0.607059689551194
387,2021-07-05,avg_tt,-5.943605364059644,27.84636999584262,-0.22385840127365775,2.0536321637122336e-06,1.2350381560490535
388,2021-07-05,thr_15min_pois,143.8456992372641,103.79972220777323,0.2645691628913494,1.6905501599426723e-08,25.024626834201424
389,2021-07-05,avg_hops,-5.47578086780753,16.337736513266346,-0.4043525657712977,8.911707770127122e-19,0.5911345052653544
390,2021-08-23,avg_tt,-5.901975697749032,27.708378735139956,-0.2229391048749621,2.266657279545584e-06,1.2317110762907628
391,2021-08-23,thr_15min_pois,139.4361722962659,106.64538927462843,0.25574666398852797,5.143688858355029e-08,25.156176105480885
392,2021-08-23,avg_hops,-5.547699087305736,16.330344674453226,-0.40354276835271874,1.0600733554003939e-18,0.600334838608182
393,2021-11-29,avg_tt,-5.696379675150254,27.634736717877317,-0.21327558685319248,6.237839064969846e-06,1.2454220927416653
394,2021-11-29,thr_15min_pois,140.27192928523309,107.24942159010317,0.2579893757838352,3.891504948902931e-08,25.071495312894882
395,2021-11-29,avg_hops,-5.670436962594661,16.413856870523365,-0.40587889416677564,6.41698351838443e-19,0.6093955017620495
396,2021-07-26,avg_tt,2.268511576160146,11.92950651824988,0.12206070816820133,0.010563740885468851,0.8834099577280282
397,2021-07-26,thr_15min_pois,-155.29444408730478,986.7499973894613,-0.11225291662526124,0.018773519923560345,65.83569787276328
398,2021-07-26,avg_hops,-0.835531240462311,7.367703297617624,-0.1445641459620007,0.0024229302789297007,0.27388777403401593
399,2021-01-11,avg_tt,-5.727501637128195,27.812569147111667,-0.21432691383072566,5.599709255913677e-06,1.2457904574000718
400,2021-01-11,thr_15min_pois,128.77897379684018,107.99672829858022,0.24427968799394387,2.0559050588687214e-07,24.39859941473361
401,2021-01-11,avg_hops,-5.381771173530381,16.224323202157354,-0.38721550498198004,3.1749820137991783e-17,0.6115980331149453
402,2021-11-22,avg_tt,0.09707629372940461,14.796939552223705,0.00400749539455996,0.9334259447650567,1.1614273243133049
403,2021-11-22,thr_15min_pois,124.79789182282734,680.0819469682973,0.07580915753280157,0.11353665187822262,78.70265783775034
404,2021-11-22,avg_hops,-2.274374951690662,9.216563461371312,-0.22880203603682894,1.3410670740780778e-06,0.46396097107050677
405,2021-08-30,avg_tt,-5.919637292435872,27.70478015735748,-0.22345515322355686,2.144602911796283e-06,1.2323945271699586
406,2021-08-30,thr_15min_pois,142.64795833453067,105.5006031433567,0.2618225475408632,2.4009502532834954e-08,25.096073946610268
407,2021-08-30,avg_hops,-5.517694492976579,16.304691778792602,-0.4011912350094249,1.750043161048736e-18,0.6012661220330916
408,2021-01-25,avg_tt,-5.728966257356239,27.812465897508392,-0.21439742430834896,5.559218179083477e-06,1.2456794750202136
409,2021-01-25,thr_15min_pois,128.79860780084536,108.01943842222327,0.24433312310684074,2.0429952481601594e-07,24.396643855534478
410,2021-01-25,avg_hops,-5.394610166106874,16.236830059293148,-0.3874773948101413,3.010935833136775e-17,0.6125696191469708
411,2021-06-28,avg_tt,-5.958922293923876,27.85228696032803,-0.22449576458833476,1.917336173666132e-06,1.234519745987067
412,2021-06-28,thr_15min_pois,143.85880654066895,103.791422426433,0.2645814297831795,1.6878883630384654e-08,25.02565942567674
413,2021-06-28,avg_hops,-5.5020824574931755,16.344827164956186,-0.40738908845288,4.628970094832666e-19,0.5886773871788566
414,2021-06-07,avg_tt,-5.9287824721388604,27.837719235386327,-0.2234753961255402,2.139945706404699e-06,1.2341807574280599
415,2021-06-07,thr_15min_pois,142.38575942225043,104.11106753441256,0.26285134695335866,2.1062929411505982e-08,24.944668856027707
416,2021-06-07,avg_hops,-5.529206218532998,16.347995512285582,-0.40870662227937815,3.4765058906568134e-19,0.5892921266530464
417,2021-04-19,avg_tt,-5.71462562233969,27.97141878031573,-0.21598034075652606,4.720428575947584e-06,1.2330141344301033
418,2021-04-19,thr_15min_pois,126.99604298253495,106.12111876037882,0.24856648364672165,1.2345524384898382e-07,23.61927038250495
419,2021-04-19,avg_hops,-5.502193666973054,16.344027674926863,-0.3986084382666031,3.0212422450648884e-18,0.6042043692606383
420,2021-10-11,avg_tt,-5.752141660517118,27.443018181808245,-0.21898699283416817,3.4482167682172526e-06,1.2232287003076296
421,2021-10-11,thr_15min_pois,142.23227546251212,108.66469670360584,0.258792906226505,3.519087722501969e-08,25.337307208669905
422,2021-10-11,avg_hops,-5.53491503265054,16.293543777428912,-0.4051780508347121,7.463000141690005e-19,0.5960627181746427
423,2021-12-13,avg_tt,2.1994449345676355,11.277692877089695,0.1122027248617625,0.018963789012522218,0.9339291743521924
424,2021-12-13,thr_15min_pois,-161.20090982088232,1056.3100125547535,-0.12093853310098582,0.011399191934563714,63.439344161988814
425,2021-12-13,avg_hops,-1.2304636447718307,7.1493677091494146,-0.20587034663782336,1.4388182102088132e-05,0.28043122992993735
426,2021-09-27,avg_tt,1.2217707356440184,14.358067737989947,0.05024295891041417,0.2946570857888087,1.1644505016858844
427,2021-09-27,thr_15min_pois,43.95450043351201,793.535333475721,0.026691316611155924,0.5778890162189799,78.9285212961817
428,2021-09-27,avg_hops,-1.865560734076599,8.619363403550954,-0.2099822131743189,9.579405480214818e-06,0.41647619474055864
429,2021-05-03,avg_tt,4.077611974619043,17.417367614711463,0.1812584539191191,0.0001295178241423708,1.0558962409120325
430,2021-05-03,thr_15min_pois,-218.02313139174345,432.6849533271859,-0.20294902006869,1.750030473682326e-05,50.20535190775119
431,2021-05-03,avg_hops,-0.6844097925588866,11.200378875239348,-0.07441763781154029,0.1186419115544517,0.437725829065564
432,2021-03-08,avg_tt,-5.639180262764252,27.88859641115956,-0.21322176062620873,6.272309472306454e-06,1.2332424285987686
433,2021-03-08,thr_15min_pois,123.24933106765369,109.12433192656641,0.24078844405342426,3.0929223575485045e-07,23.710840293350937
434,2021-03-08,avg_hops,-5.497141768237944,16.32514840146184,-0.39827858917744746,3.2383306554784644e-18,0.6042439399927664
435,2021-01-04,avg_tt,-5.776555331616564,27.778420615943066,-0.21636238352406026,4.536886513948122e-06,1.2440677968890044
436,2021-01-04,thr_15min_pois,129.65157139776818,108.59514379595994,0.24723742499574428,1.447503203949016e-07,24.251292489904134
437,2021-01-04,avg_hops,-5.417562684831906,16.2063693315853,-0.3905432488816583,1.6122930837784364e-17,0.6094895260362875
438,2021-03-01,avg_tt,-5.6369479677434216,27.885034723323805,-0.2131051114232629,6.347636230919202e-06,1.233461157423645
439,2021-03-01,thr_15min_pois,123.24933106765369,109.12433192656641,0.24078844405342426,3.0929223575485045e-07,23.710840293350937
440,2021-03-01,avg_hops,-5.497141768237944,16.32514840146184,-0.39827858917744746,3.2383306554784644e-18,0.6042439399927664
441,2021-11-15,avg_tt,1.307851931600366,11.951960346471157,0.06248096028974733,0.19234644171861448,1.00165204088001
442,2021-11-15,thr_15min_pois,-77.96928147245939,987.6835266710658,-0.053687235287227075,0.26275614775867207,69.53141574969699
443,2021-11-15,avg_hops,-1.9747761396248174,7.5811842579591415,-0.2505473802446138,1.1116033270522187e-07,0.36585209225418586
444,2021-12-27,avg_tt,-5.543344978388182,27.465236214792476,-0.21092388100674284,7.925551073407972e-06,1.226116579403728
445,2021-12-27,thr_15min_pois,135.77223145689493,109.54021497622495,0.2509527392083388,9.256182094194856e-08,24.995499303585373
446,2021-12-27,avg_hops,-5.409199399850673,16.21667869333564,-0.39473082410124877,6.7971802687697615e-18,0.6009234722760508
447,2021-06-14,avg_tt,-5.92064025064618,27.823938168033802,-0.22305578195059783,2.2384928904485286e-06,1.2349261298146956
448,2021-06-14,thr_15min_pois,142.35723126721433,104.48247332858527,0.26256392971276005,2.1848898058597822e-08,24.96899635978996
449,2021-06-14,avg_hops,-5.5312393149197,16.348914316328933,-0.40864821867154055,3.5210035329320384e-19,0.5896099565748805
450,2021-08-16,avg_tt,-5.914494319573451,27.821357628611167,-0.22348268555161102,2.1382710282741544e-06,1.2311641563779343
451,2021-08-16,thr_15min_pois,131.81882886392668,108.3278931696504,0.24940260762816355,1.1164233630456203e-07,24.42861969566255
452,2021-08-16,avg_hops,-5.574412935294754,16.289795039056177,-0.40719737008541446,4.825382467756587e-19,0.596752820676656
453,2021-07-19,avg_tt,-6.052736598067934,27.93622405419755,-0.2277628838099082,1.3441386932162963e-06,1.2350062273217555
454,2021-07-19,thr_15min_pois,134.3480978681236,106.51081861993127,0.25130866541315755,8.864739798776671e-08,24.695932382196816
455,2021-07-19,avg_hops,-5.639688638600534,16.357030260588097,-0.408154717267652,3.9200876884533985e-19,0.6020427484755587
456,2021-05-10,avg_tt,-5.8686074236365835,27.860555204061203,-0.22170894938524233,2.5849935792902163e-06,1.231897206783818
457,2021-05-10,thr_15min_pois,135.79802981704478,105.25850085500501,0.2557518943290622,5.14035915151295e-08,24.49926976573918
458,2021-05-10,avg_hops,-5.512830580878145,16.33454980841783,-0.4084763183868925,3.6552538511345737e-19,0.5879445182520746
459,2021-04-26,avg_tt,-5.772118061470225,28.104050916676762,-0.21706678886619205,4.216189827584572e-06,1.2388796732317842
460,2021-04-26,thr_15min_pois,128.70041888876116,105.09410511523993,0.2509962800868158,9.207416017748747e-08,23.68920093716598
461,2021-04-26,avg_hops,-5.480003311144955,16.39999817539077,-0.40304560606570405,1.1789874719176994e-18,0.5938829272168615
462,2021-05-31,avg_tt,-5.874018844361715,27.859590079607703,-0.22171672775218418,2.5828525093652667e-06,1.2329876404173472
463,2021-05-31,thr_15min_pois,134.99737156369915,105.70861027914228,0.2538228733549379,6.520680159591492e-08,24.552818682504913
464,2021-05-31,avg_hops,-5.514806307764919,16.313023599639994,-0.40856381941488384,3.5862995318470547e-19,0.5880040365282952
465,2021-02-22,avg_tt,-5.639418382441832,27.8945750122245,-0.2132942975185259,6.225899091270191e-06,1.2328551060161819
466,2021-02-22,thr_15min_pois,123.25805064074687,109.11351630718448,0.24078393236073542,3.0945426899203967e-07,23.71298943411674
467,2021-02-22,avg_hops,-5.49660957074897,16.326339604983605,-0.3988141173246554,2.8931920172646182e-18,0.6032210616385887
